﻿<?xml version="1.0" encoding="utf-8"?>
<!--*** Do not edit this file. ***-->
<!--*** Importing invalid data can cause unexpected behaviour and potential data loss. ***-->
<!--Created (InvariantFormat): 04/22/2016 12:22:15-->
<CatalogModel Version="1.0">
  <ComponentCatalogItems />
  <ComponentCatalogGroups>
    <ComponentCatalogGroup>
      <GroupIdString>Root_Group_ID</GroupIdString>
      <GroupName>albl_Root_fixed_group_name</GroupName>
      <GroupChildren />
    </ComponentCatalogGroup>
  </ComponentCatalogGroups>
</CatalogModel>