<?xml version="1.0" encoding="UTF-8" standalone="no"?>
<!DOCTYPE TeklaStructuresModels>
<TeklaStructuresModels>
    <Model>
        <Name>Exercise</Name>
        <Designer> </Designer>
        <Description> </Description>
        <Version>2016</Version>
        <Language>enu</Language>
        <Template></Template>
        <Environment>default</Environment>
        <IsTemplate>FALSE</IsTemplate>
        <XS_PROJECT></XS_PROJECT>
        <XS_FIRM></XS_FIRM>
        <XS_SYSTEM>C:\ProgramData\Tekla Structures\2016\\environments\default\system\;C:\ProgramData\Tekla Structures\2016\\environments\default\system\steel\;C:\ProgramData\Tekla Structures\2016\\environments\default\system\concrete\;C:\ProgramData\Tekla Structures\2016\\e</XS_SYSTEM>
    </Model>
</TeklaStructuresModels>
